Cites,Authors,Title,Year,Source,Publisher,ArticleURL,CitesURL,GSRank,QueryDate,Type,DOI,ISSN,CitationURL,Volume,Issue,StartPage,EndPage,ECC,CitesPerYear,CitesPerAuthor,AuthorCount,Age,Abstract,FullTextURL,RelatedURL
91,"M Kalogiannakis, S Papadakis, AI Zourmpakis","Gamification in science education. A systematic review of the literature",2021,"Education Sciences","mdpi.com","https://www.mdpi.com/951300","https://scholar.google.com/scholar?cites=17182841205943859813&as_sdt=2005&sciodt=2007&hl=en",1,"2022-03-28 11:22:32","","","","",,,,,91,91.00,30,3,1,"… Moreover, gamification and digital technologies have tremendous potential in using specific … gamification in education as far as we are aware. According to Mora et al. [18], gamification …","https://www.mdpi.com/2227-7102/11/1/22/pdf","https://scholar.google.com/scholar?q=related:ZXo6yAm3de4J:scholar.google.com/&scioq=gamification+education&hl=en&as_sdt=2007&as_ylo=2020&as_yhi=2022"
22,"AN Saleem, NM Noori, F Ozdamli","Gamification applications in E-learning: a literature review",2021,"Technology, Knowledge and Learning","Springer","https://link.springer.com/article/10.1007/s10758-020-09487-x","https://scholar.google.com/scholar?cites=3124259240477178884&as_sdt=2005&sciodt=2007&hl=en",2,"2022-03-28 11:22:32","HTML","10.1007/s10758-020-09487-x","","",,,,,22,22.00,7,3,1,"… using gamification and online education and highlight the reported benefits and challenges of gamification applications in online education… using gamification and online education and …","https://link.springer.com/article/10.1007/s10758-020-09487-x","https://scholar.google.com/scholar?q=related:BLzf5jmZWysJ:scholar.google.com/&scioq=gamification+education&hl=en&as_sdt=2007&as_ylo=2020&as_yhi=2022"
45,"A Manzano-León, P Camacho-Lazarraga, MA Guerrero…","Between level up and game over: A systematic literature review of gamification in education",2021,"Sustainability","mdpi.com","https://www.mdpi.com/1004228","https://scholar.google.com/scholar?cites=12767222156983158781&as_sdt=2005&sciodt=2007&hl=en",3,"2022-03-28 11:22:32","","","","",,,,,45,45.00,11,4,1,"… This review also identified the main gamification elements used in education, being points, medals, rankings, and narrative. However, it is valued that when only one or two gamified …","https://www.mdpi.com/2071-1050/13/4/2247/pdf","https://scholar.google.com/scholar?q=related:_Ud6e-hILrEJ:scholar.google.com/&scioq=gamification+education&hl=en&as_sdt=2007&as_ylo=2020&as_yhi=2022"
81,"LM Putz, F Hofbauer, H Treiblmaier","Can gamification help to improve education? Findings from a longitudinal study",2020,"Computers in Human Behavior","Elsevier","https://www.sciencedirect.com/science/article/pii/S074756322030145X","https://scholar.google.com/scholar?cites=9330321862938115123&as_sdt=2005&sciodt=2007&hl=en",4,"2022-03-28 11:22:32","HTML","","","",,,,,81,40.50,27,3,2,"… The findings of the four longitudinal studies which combine gamification and education highlight the potential of gamification to increase students’ motivation and engagement as well as …","https://www.sciencedirect.com/science/article/pii/S074756322030145X","https://scholar.google.com/scholar?q=related:M7x82Ez2e4EJ:scholar.google.com/&scioq=gamification+education&hl=en&as_sdt=2007&as_ylo=2020&as_yhi=2022"
45,"AEJ Van Gaalen, J Brouwer…","Gamification of health professions education: a systematic review",2021,"… Sciences Education","Springer","https://link.springer.com/article/10.1007/s10459-020-10000-3","https://scholar.google.com/scholar?cites=10619222508167949307&as_sdt=2005&sciodt=2007&hl=en",5,"2022-03-28 11:22:32","HTML","10.1007/s10459-020-10000-3","","",,,,,45,45.00,15,3,1,"… of the current state of studies on gamification in health sciences education, we used the framework for classifying the purposes of research in medical education proposed by Cook et al. …","https://link.springer.com/article/10.1007/s10459-020-10000-3","https://scholar.google.com/scholar?q=related:--surpsOX5MJ:scholar.google.com/&scioq=gamification+education&hl=en&as_sdt=2007&as_ylo=2020&as_yhi=2022"
55,"J Fernandez-Rio, E de las Heras…","Gamification and physical education. Viability and preliminary views from students and teachers",2020,"Physical Education …","Taylor & Francis","https://www.tandfonline.com/doi/abs/10.1080/17408989.2020.1743253","https://scholar.google.com/scholar?cites=9599003554580911328&as_sdt=2005&sciodt=2007&hl=en",6,"2022-03-28 11:22:32","","10.1080/17408989.2020.1743253","","",,,,,55,27.50,18,3,2,"… empirical studies on Gamification in physical education are scarse… education was conducted and assessed. The goal was to explore how Gamification can be used in physical education…","","https://scholar.google.com/scholar?q=related:4NSBDOCCNoUJ:scholar.google.com/&scioq=gamification+education&hl=en&as_sdt=2007&as_ylo=2020&as_yhi=2022"
31,"J Swacha","State of research on gamification in education: A bibliometric survey",2021,"Education Sciences","mdpi.com","https://www.mdpi.com/994286","https://scholar.google.com/scholar?cites=4589806510320323182&as_sdt=2005&sciodt=2007&hl=en",7,"2022-03-28 11:22:32","","","","",,,,,31,31.00,31,1,1,"… on gamification in non-educational contexts mention education as an exemplary field of gamification … context (in a journal, book, or proceedings of a conference dedicated to education). …","https://www.mdpi.com/2227-7102/11/2/69/pdf","https://scholar.google.com/scholar?q=related:bgprC7REsj8J:scholar.google.com/&scioq=gamification+education&hl=en&as_sdt=2007&as_ylo=2020&as_yhi=2022"
83,"NZ Legaki, N Xi, J Hamari, K Karpouzis…","The effect of challenge-based gamification on learning: An experiment in the context of statistics education",2020,"International journal of …","Elsevier","https://www.sciencedirect.com/science/article/pii/S1071581920300987","https://scholar.google.com/scholar?cites=15265586533179206623&as_sdt=2005&sciodt=2007&hl=en",8,"2022-03-28 11:22:32","HTML","","","",,,,,83,41.50,17,5,2,"… has been growing, there are blind spots regarding which types of gamification may be … -based gamification on learning in the area of statistics education. We developed a gamification …","https://www.sciencedirect.com/science/article/pii/S1071581920300987","https://scholar.google.com/scholar?q=related:3ysiRhJC2tMJ:scholar.google.com/&scioq=gamification+education&hl=en&as_sdt=2007&as_ylo=2020&as_yhi=2022"
23,"DA Isabelle","Gamification of entrepreneurship education",2020,"… Sciences Journal of Innovative Education","Wiley Online Library","https://onlinelibrary.wiley.com/doi/abs/10.1111/dsji.12203","https://scholar.google.com/scholar?cites=15984148337393466473&as_sdt=2005&sciodt=2007&hl=en",9,"2022-03-28 11:22:32","","10.1111/dsji.12203","","",,,,,23,11.50,23,1,2,"… Gamification—the use of gameplay mechanics for nongame applications—enables learning … about its effectiveness for education. This teaching brief reports on the gamification of an …","https://www.researchgate.net/profile/Diane-Isabelle/publication/340307706_Gamification_of_Entrepreneurship_Education/links/606754f1458515614d2e41be/Gamification-of-Entrepreneurship-Education.pdf","https://scholar.google.com/scholar?q=related:afx8pzka090J:scholar.google.com/&scioq=gamification+education&hl=en&as_sdt=2007&as_ylo=2020&as_yhi=2022"
26,"TD Indriasari, A Luxton-Reilly, P Denny","Gamification of student peer review in education: A systematic literature review",2020,"Education and Information …","Springer","https://link.springer.com/article/10.1007/s10639-020-10228-x","https://scholar.google.com/scholar?cites=8037196576720698017&as_sdt=2005&sciodt=2007&hl=en",10,"2022-03-28 11:22:32","HTML","10.1007/s10639-020-10228-x","","",,,,,26,13.00,9,3,2,"We present the first systematic review of the use of gamification in educational peer review activities. The goal of this work is to understand how gamification has been used to engage …","https://link.springer.com/article/10.1007/s10639-020-10228-x","https://scholar.google.com/scholar?q=related:oTpsIbTbiW8J:scholar.google.com/&scioq=gamification+education&hl=en&as_sdt=2007&as_ylo=2020&as_yhi=2022"
11,"M Milosz, E Milosz","Gamification in engineering education–a preliminary literature review",2020,"2020 IEEE Global Engineering Education …","ieeexplore.ieee.org","https://ieeexplore.ieee.org/abstract/document/9125108/","https://scholar.google.com/scholar?cites=10206250926217386526&as_sdt=2005&sciodt=2007&hl=en",11,"2022-03-28 11:22:32","","","","",,,,,11,5.50,6,2,2,"… the state of the art of gamification in Engineering Education (EE). The results of the … of gamification in EE increasing? RQ2: In which of the subdisciplines of engineering is gamification …","","https://scholar.google.com/scholar?q=related:HlqwcSTjo40J:scholar.google.com/&scioq=gamification+education&hl=en&as_sdt=2007&as_ylo=2020&as_yhi=2022"
70,"ME Parra-González, J López Belmonte…","Active and emerging methodologies for ubiquitous education: Potentials of flipped learning and gamification",2020,"Sustainability","mdpi.com","https://www.mdpi.com/616896","https://scholar.google.com/scholar?cites=16599341119182256963&as_sdt=2005&sciodt=2007&hl=en",12,"2022-03-28 11:22:32","","","","",,,,,70,35.00,23,3,2,"… recent interest in gamification in education, one of … gamification by education level; that is what this work is: A research to determine the influence of gamification on secondary education …","https://www.mdpi.com/2071-1050/12/2/602/pdf","https://scholar.google.com/scholar?q=related:Q7tkAs20XOYJ:scholar.google.com/&scioq=gamification+education&hl=en&as_sdt=2007&as_ylo=2020&as_yhi=2022"
15,"R Silva, R Rodrigues, C Leal","Gamification in management education-A literature mapping",2020,"Education and Information Technologies","Springer","https://link.springer.com/article/10.1007/s10639-019-10055-9","https://scholar.google.com/scholar?cites=17659414025579539187&as_sdt=2005&sciodt=2007&hl=en",13,"2022-03-28 11:22:32","HTML","10.1007/s10639-019-10055-9","","",,,,,15,7.50,5,3,2,"… In a first phase, our search approached gamification in general (“Gamification”) … to gamification applied to education (Gamification and Education”) and to management (Gamification …","https://link.springer.com/article/10.1007/s10639-019-10055-9","https://scholar.google.com/scholar?q=related:8yo4IH7XEvUJ:scholar.google.com/&scioq=gamification+education&hl=en&as_sdt=2007&as_ylo=2020&as_yhi=2022"
21,"K Ofosu-Ampong","The shift to gamification in education: A review on dominant issues",2020,"Journal of Educational Technology …","journals.sagepub.com","https://journals.sagepub.com/doi/abs/10.1177/0047239520917629","https://scholar.google.com/scholar?cites=1935282113513486756&as_sdt=2005&sciodt=2007&hl=en",14,"2022-03-28 11:22:32","","10.1177/0047239520917629","","",,,,,21,10.50,21,1,2,"… gamification literature on education since 2011. Using highlighted themes from Kirriemuir and McFarlane’s review on games and education as a … for evaluating gamification in education …","https://journals.sagepub.com/doi/pdf/10.1177/0047239520917629","https://scholar.google.com/scholar?q=related:pHkjJNSA2xoJ:scholar.google.com/&scioq=gamification+education&hl=en&as_sdt=2007&as_ylo=2020&as_yhi=2022"
12,"J Kim, DM Castelli","Effects of gamification on behavioral change in education: a meta-analysis",2021,"International Journal of Environmental Research and …","mdpi.com","https://www.mdpi.com/1052566","https://scholar.google.com/scholar?cites=18137548915436172635&as_sdt=2005&sciodt=2007&hl=en",15,"2022-03-28 11:22:32","","","","",,,,,12,12.00,6,2,1,"… gamification platform in education. This research was designed to answer the following research questions: How does gamification … Do gamification effects differ across age, length of …","https://www.mdpi.com/1660-4601/18/7/3550/pdf","https://scholar.google.com/scholar?q=related:WzXYSKSEtfsJ:scholar.google.com/&scioq=gamification+education&hl=en&as_sdt=2007&as_ylo=2020&as_yhi=2022"
24,"SMC Loureiro, RG Bilro…","Virtual reality and gamification in marketing higher education: a review and research agenda",2020,"Spanish Journal of …","emerald.com","https://www.emerald.com/insight/content/doi/10.1108/SJME-01-2020-0013/full/","https://scholar.google.com/scholar?cites=8609195336513559183&as_sdt=2005&sciodt=2007&hl=en",16,"2022-03-28 11:22:32","","10.1108/SJME-01-2020-0013","","",,,,,24,12.00,8,3,2,"Purpose The purpose of this paper is to review studies on the use of virtual reality (VR) and gamification to engage students in higher education for marketing issues to identify the …","https://www.emerald.com/insight/content/doi/10.1108/SJME-01-2020-0013/full/pdf","https://scholar.google.com/scholar?q=related:jxrXiosBencJ:scholar.google.com/&scioq=gamification+education&hl=en&as_sdt=2007&as_ylo=2020&as_yhi=2022"
44,"A Ferriz-Valero, O Østerlie, S García Martínez…","Gamification in physical education: Evaluation of impact on motivation and academic performance within higher education",2020,"International Journal of …","mdpi.com","https://www.mdpi.com/749076","https://scholar.google.com/scholar?cites=10844276972622492695&as_sdt=2005&sciodt=2007&hl=en",17,"2022-03-28 11:22:32","","","","",,,,,44,22.00,11,4,2,"… differences and no study related to gamification was found regarding a possible different … investigate the effect of gamification and gender interaction in a physical education context. …","https://www.mdpi.com/1660-4601/17/12/4465/pdf","https://scholar.google.com/scholar?q=related:F7Qcf3OcfpYJ:scholar.google.com/&scioq=gamification+education&hl=en&as_sdt=2007&as_ylo=2020&as_yhi=2022"
11,"I Panis, P Setyosari, D Kuswandi…","Design gamification models in higher education: A study in Indonesia",2020,"International Journal of …","learntechlib.org","https://www.learntechlib.org/p/217547/","https://scholar.google.com/scholar?cites=10047897078934229274&as_sdt=2005&sciodt=2007&hl=en",18,"2022-03-28 11:22:32","","","","",,,,,11,5.50,3,4,2,"… The purpose of writing this article is to develop an appropriate gamification model in tertiary institutions which links gamification theory and problem- based learning into a new model …","https://www.learntechlib.org/p/217547/article_217547.pdf","https://scholar.google.com/scholar?q=related:GlGPQShNcYsJ:scholar.google.com/&scioq=gamification+education&hl=en&as_sdt=2007&as_ylo=2020&as_yhi=2022"
10,"L Aguiar-Castillo, A Clavijo-Rodriguez…","Gamification and deep learning approaches in higher education",2021,"… & Tourism Education","Elsevier","https://www.sciencedirect.com/science/article/pii/S1473837620302264","https://scholar.google.com/scholar?cites=686576800386811897&as_sdt=2005&sciodt=2007&hl=en",19,"2022-03-28 11:22:32","HTML","","","",,,,,10,10.00,3,3,1,"Gamification is a tool that has been used to promote commitment and motivation to students. This fact, coupled with the intensive use made by students of their smart phones, has led to …","https://www.sciencedirect.com/science/article/pii/S1473837620302264","https://scholar.google.com/scholar?q=related:-YcUWvY1hwkJ:scholar.google.com/&scioq=gamification+education&hl=en&as_sdt=2007&as_ylo=2020&as_yhi=2022"
27,"T Ouariachi, CY Li, WJL Elving","Gamification approaches for education and engagement on pro-environmental behaviors: Searching for best practices",2020,"Sustainability","mdpi.com","https://www.mdpi.com/733726","https://scholar.google.com/scholar?cites=6644967773076209427&as_sdt=2005&sciodt=2007&hl=en",20,"2022-03-28 11:22:32","","","","",,,,,27,13.50,9,3,2,"… field of education call for innovative ways of engaging youth—a reason why gamification has gained … This paper aims at exploring the role of gamification in affecting pro-environmental …","https://www.mdpi.com/2071-1050/12/11/4565/pdf","https://scholar.google.com/scholar?q=related:Ez8gqvuqN1wJ:scholar.google.com/&scioq=gamification+education&hl=en&as_sdt=2007&as_ylo=2020&as_yhi=2022"
30,"J Díaz-Ramírez","Gamification in engineering education–An empirical assessment on learning and game performance",2020,"Heliyon","Elsevier","https://www.sciencedirect.com/science/article/pii/S2405844020318156","https://scholar.google.com/scholar?cites=1818229294621814972&as_sdt=2005&sciodt=2007&hl=en",21,"2022-03-28 11:22:32","HTML","","","",,,,,30,15.00,30,1,2,"Gamification, recently considered as a science, takes advantage of the benefits of games to induce desirable behaviors in a given “normal” activity. When applied in education, it is an …","https://www.sciencedirect.com/science/article/pii/S2405844020318156","https://scholar.google.com/scholar?q=related:vHAk-uilOxkJ:scholar.google.com/&scioq=gamification+education&hl=en&as_sdt=2007&as_ylo=2020&as_yhi=2022"
25,"A Segura-Robles, A Fuentes-Cabrera…","Effects on personal factors through flipped learning and gamification as combined methodologies in secondary education",2020,"Frontiers in …","frontiersin.org","https://www.frontiersin.org/articles/10.3389/fpsyg.2020.01103/full","https://scholar.google.com/scholar?cites=14483368290090855749&as_sdt=2005&sciodt=2007&hl=en",22,"2022-03-28 11:22:32","HTML","10.3389/fpsyg.2020.01103","","",,,,,25,12.50,8,3,2,"… have improved, based on the interaction with gamification and flipped learning. Finally, with all … and gamification influences in personal and performance of physical education students. …","https://www.frontiersin.org/articles/10.3389/fpsyg.2020.01103/full","https://scholar.google.com/scholar?q=related:Ra0FQrlC_8gJ:scholar.google.com/&scioq=gamification+education&hl=en&as_sdt=2007&as_ylo=2020&as_yhi=2022"
10,"A García-Holgado, FJ García-Peñalvo…","Promoting Open Education Through Gamification in Higher Education: the OpenGame project",2020,"Eighth International …","dl.acm.org","https://dl.acm.org/doi/abs/10.1145/3434780.3436688","https://scholar.google.com/scholar?cites=2786996603277475303&as_sdt=2005&sciodt=2007&hl=en",23,"2022-03-28 11:22:32","","10.1145/3434780.3436688","","",,,,,10,5.00,3,3,2,"… already projects, reports, and handbooks that support open education in higher education, the project’s contribution to the open ecosystem is applying gamification to open education. …","","https://scholar.google.com/scholar?q=related:5_2SAKVmrSYJ:scholar.google.com/&scioq=gamification+education&hl=en&as_sdt=2007&as_ylo=2020&as_yhi=2022"
22,"K Ofosu-Ampong, R Boateng, T Anning-Dorson…","Are we ready for Gamification? An exploratory analysis in a developing country",2020,"Education and …","Springer","https://link.springer.com/article/10.1007/s10639-019-10057-7?shared-article-%20renderer","https://scholar.google.com/scholar?cites=11011378010408281825&as_sdt=2005&sciodt=2007&hl=en",24,"2022-03-28 11:22:32","","10.1007/s10639-019-10057-7","","",,,,,22,11.00,6,4,2,"… research in LMS 3) to test students’ intentions to adopt gamification and extend the … of gamification adoption theories, gamification in education, and the evolving nature of gamification …","http://ugspace.ug.edu.gh/bitstream/handle/123456789/33985/Are%20we%20ready%20for%20Gamification%20An%20exploratory.pdf?sequence=2","https://scholar.google.com/scholar?q=related:4eburfVF0JgJ:scholar.google.com/&scioq=gamification+education&hl=en&as_sdt=2007&as_ylo=2020&as_yhi=2022"
18,"MM Fernandez-Antolin, JM del Río…","The use of gamification in higher technical education: perception of university students on innovative teaching materials",2021,"… and Design Education","Springer","https://link.springer.com/article/10.1007/s10798-020-09583-0","https://scholar.google.com/scholar?cites=16400825139479779900&as_sdt=2005&sciodt=2007&hl=en",25,"2022-03-28 11:22:32","HTML","10.1007/s10798-020-09583-0","","",,,,,18,18.00,6,3,1,"Education for sustainable development is considered a key element of quality. However, nearly-graduated students of architecture perceive that during their training there is a lack in the …","https://link.springer.com/article/10.1007/s10798-020-09583-0","https://scholar.google.com/scholar?q=related:PBr9rZFvm-MJ:scholar.google.com/&scioq=gamification+education&hl=en&as_sdt=2007&as_ylo=2020&as_yhi=2022"
10,"MJ Santos-Villalba, JJ Leiva Olivencia…","Higher education students' assessments towards gamification and sustainability: a case study",2020,"Sustainability","mdpi.com","https://www.mdpi.com/856930","https://scholar.google.com/scholar?cites=9084190205869453442&as_sdt=2005&sciodt=2007&hl=en",26,"2022-03-28 11:22:32","","","","",,,,,10,5.00,3,3,2,"… Moreover, a fundamental element of gamification in all educational stages is the … education students’ assessments in the University of Malaga on the design of educational gamification …","https://www.mdpi.com/2071-1050/12/20/8513/pdf","https://scholar.google.com/scholar?q=related:gnDutNyGEX4J:scholar.google.com/&scioq=gamification+education&hl=en&as_sdt=2007&as_ylo=2020&as_yhi=2022"
11,"S Sandrone, C Carlson","Gamification and game-based education in neurology and neuroscience: Applications, challenges, and opportunities",2021,"Brain Disorders","Elsevier","https://www.sciencedirect.com/science/article/pii/S266645932100007X","https://scholar.google.com/scholar?cites=3283987245988911731&as_sdt=2005&sciodt=2007&hl=en",27,"2022-03-28 11:22:32","HTML","","","",,,,,11,11.00,6,2,1,"… Within the educational context, game-based education and gamification of … education. However, it is only recently that these approaches have entered the realm of medical education. In …","https://www.sciencedirect.com/science/article/pii/S266645932100007X","https://scholar.google.com/scholar?q=related:cxoVPAARky0J:scholar.google.com/&scioq=gamification+education&hl=en&as_sdt=2007&as_ylo=2020&as_yhi=2022"
21,"L Aguiar-Castillo, L Hernandez-Lopez…","Gamification as a motivation strategy for higher education students in tourism face-to-face learning",2020,"… & Tourism Education","Elsevier","https://www.sciencedirect.com/science/article/pii/S1473837620302033","https://scholar.google.com/scholar?cites=14187640640127540710&as_sdt=2005&sciodt=2007&hl=en",28,"2022-03-28 11:22:32","HTML","","","",,,,,21,10.50,7,3,2,"… of the research into gamification in education, our study focuses on the use of gamification in the … Third, the use of gamification in tourism education has a significant potential to build a …","https://www.sciencedirect.com/science/article/pii/S1473837620302033","https://scholar.google.com/scholar?q=related:5p2yK_6f5MQJ:scholar.google.com/&scioq=gamification+education&hl=en&as_sdt=2007&as_ylo=2020&as_yhi=2022"
16,"G Gómez-García, JA Marín-Marín…","Effect of the flipped classroom and gamification methods in the development of a didactic unit on healthy habits and diet in primary education",2020,"Nutrients","mdpi.com","https://www.mdpi.com/778924","https://scholar.google.com/scholar?cites=16502545517856402745&as_sdt=2005&sciodt=2007&hl=en",29,"2022-03-28 11:22:32","","","","",,,,,16,8.00,5,3,2,"… of nutritional education in Primary Education, where students … of Flipped Classroom and the gamification in the development of … and diet in the Primary Education students. This objective …","https://www.mdpi.com/2072-6643/12/8/2210/pdf","https://scholar.google.com/scholar?q=related:Oa2L2bbRBOUJ:scholar.google.com/&scioq=gamification+education&hl=en&as_sdt=2007&as_ylo=2020&as_yhi=2022"
10,"L Zahedi, J Batten, M Ross, G Potvin, S Damas…","Gamification in education: A mixed-methods study of gender on computer science students' academic performance and identity development",2021,"… in Higher Education","Springer","https://link.springer.com/article/10.1007/s12528-021-09271-5","https://scholar.google.com/scholar?cites=13854426688732539930&as_sdt=2005&sciodt=2007&hl=en",30,"2022-03-28 11:22:32","HTML","10.1007/s12528-021-09271-5","","",,,,,10,10.00,2,6,1,"… misunderstand the difference between gamification and video games, especially with regards to education. Gamification and video games in the field of education play different roles in …","https://link.springer.com/article/10.1007/s12528-021-09271-5","https://scholar.google.com/scholar?q=related:GiyYZKvPRMAJ:scholar.google.com/&scioq=gamification+education&hl=en&as_sdt=2007&as_ylo=2020&as_yhi=2022"
19,"R Pinter, SM Čisar, Z Balogh…","Enhancing higher education student class Attendance through gamification",2020,"Acta Polytechnica …","acta.uni-obuda.hu","http://acta.uni-obuda.hu/Pinter_Maravic-Cisar_Balogh_Manojlovic_99.pdf","https://scholar.google.com/scholar?cites=8454466358535845612&as_sdt=2005&sciodt=2007&hl=en",31,"2022-03-28 11:22:32","PDF","","","",,,,,19,9.50,5,4,2,"… gamification elements into class attendance tracking. Given that the first year of their studies in higher education is the … The gamification module of the system is used to improve student …","http://acta.uni-obuda.hu/Pinter_Maravic-Cisar_Balogh_Manojlovic_99.pdf","https://scholar.google.com/scholar?q=related:7PYEAlxMVHUJ:scholar.google.com/&scioq=gamification+education&hl=en&as_sdt=2007&as_ylo=2020&as_yhi=2022"
23,"LR Murillo-Zamorano, JÁ López Sánchez…","Gamification and active learning in higher education: is it possible to match digital society, academia and students' interests?",2021,"… in Higher Education","Springer","https://link.springer.com/article/10.1186/s41239-021-00249-y","https://scholar.google.com/scholar?cites=17762905362608185382&as_sdt=2005&sciodt=2007&hl=en",32,"2022-03-28 11:22:32","HTML","10.1186/s41239-021-00249-y","","",,,,,23,23.00,8,3,1,"… a gamification approach is employed in a higher education … gamification and active learning setups in higher education is … education that formally states and tests how gamification …","https://link.springer.com/article/10.1186/s41239-021-00249-y","https://scholar.google.com/scholar?q=related:JmAkvVCEgvYJ:scholar.google.com/&scioq=gamification+education&hl=en&as_sdt=2007&as_ylo=2020&as_yhi=2022"
21,"MD Pitoyo, A Asib","Gamification-Based Assessment: The Washback Effect of Quizizz on Students' Learning in Higher Education.",2020,"International Journal of Language Education","ERIC","https://eric.ed.gov/?id=EJ1249875","https://scholar.google.com/scholar?cites=8196950155344973213&as_sdt=2005&sciodt=2007&hl=en",33,"2022-03-28 11:22:32","","","","",,,,,21,10.50,11,2,2,"… Gamification is the term which … gamification in education such as the use of gamification to engage students learning motivation. According to de Byl (2013) the popularity of gamification …","https://files.eric.ed.gov/fulltext/EJ1249875.pdf","https://scholar.google.com/scholar?q=related:nY3rqrxqwXEJ:scholar.google.com/&scioq=gamification+education&hl=en&as_sdt=2007&as_ylo=2020&as_yhi=2022"
4,"EG Rincon-Flores, BN Santos-Guevara","Gamification during Covid-19: Promoting active learning and motivation in higher education",2021,"Australasian Journal of …","ajet.org.au","https://ajet.org.au/index.php/AJET/article/view/7157","https://scholar.google.com/scholar?cites=17694922688222736272&as_sdt=2005&sciodt=2007&hl=en",34,"2022-03-28 11:22:32","","","","",,,,,4,4.00,2,2,1,"… Our study found that gamification using a reward-based … their correlations revealed that gamification helped motivate students … From the results we conclude that gamification favours the …","https://ajet.org.au/index.php/AJET/article/download/7157/1828","https://scholar.google.com/scholar?q=related:kC-E527-kPUJ:scholar.google.com/&scioq=gamification+education&hl=en&as_sdt=2007&as_ylo=2020&as_yhi=2022"
18,"J Jayalath, V Esichaikul","Gamification to enhance motivation and engagement in blended eLearning for technical and vocational education and training",2020,"Technology, Knowledge and Learning","Springer","https://link.springer.com/article/10.1007/s10758-020-09466-2","https://scholar.google.com/scholar?cites=17535880668101342226&as_sdt=2005&sciodt=2007&hl=en",35,"2022-03-28 11:22:32","HTML","10.1007/s10758-020-09466-2","","",,,,,18,9.00,9,2,2,"… This study proposes an operational model and gamification design … This gamification design and operational model could be … The design utilises structural and content gamification in a …","https://link.springer.com/article/10.1007/s10758-020-09466-2","https://scholar.google.com/scholar?q=related:EvTR_Y72W_MJ:scholar.google.com/&scioq=gamification+education&hl=en&as_sdt=2007&as_ylo=2020&as_yhi=2022"
25,"JM Campillo-Ferrer, P Miralles-Martínez…","Gamification in higher education: Impact on student motivation and the acquisition of social and civic key competencies",2020,"Sustainability","mdpi.com","https://www.mdpi.com/741516","https://scholar.google.com/scholar?cites=5219312266068868518&as_sdt=2005&sciodt=2007&hl=en",36,"2022-03-28 11:22:32","","","","",,,,,25,12.50,8,3,2,"… of education who … gamification to a whole new level with attractive digital participation platforms to increase motivation and enhance students’ learning experience in higher education …","https://www.mdpi.com/2071-1050/12/12/4822/pdf","https://scholar.google.com/scholar?q=related:pr3fVtq4bkgJ:scholar.google.com/&scioq=gamification+education&hl=en&as_sdt=2007&as_ylo=2020&as_yhi=2022"
22,"A Ahmad, F Zeshan, MS Khan, R Marriam…","The impact of gamification on learning outcomes of computer science majors",2020,"… Computing Education …","dl.acm.org","https://dl.acm.org/doi/abs/10.1145/3383456","https://scholar.google.com/scholar?cites=10269647302155413969&as_sdt=2005&sciodt=2007&hl=en",37,"2022-03-28 11:22:32","","10.1145/3383456","","",,,,,22,11.00,4,5,2,"… gamification theory and its application in education. Section 3 explores the existing literature in the domain of gamification … Section 4 briefly outlines the gamification framework used in …","","https://scholar.google.com/scholar?q=related:0amFdc8dhY4J:scholar.google.com/&scioq=gamification+education&hl=en&as_sdt=2007&as_ylo=2020&as_yhi=2022"
16,"NA Boudadi, M Gutiérrez-Colón","Effect of Gamification on students' motivation and learning achievement in Second Language Acquisition within higher education: a literature review 2011-2019",2020,"The EuroCALL Review","polipapers.upv.es","https://polipapers.upv.es/index.php/eurocall/article/view/12974","https://scholar.google.com/scholar?cites=1206325410298818342&as_sdt=2005&sciodt=2007&hl=en",38,"2022-03-28 11:22:32","","","","",,,,,16,8.00,8,2,2,"… , Gamification took off in the business field and soon after became an attractive concept for researchers and professionals in education as … In education, Gamification would be under the …","https://polipapers.upv.es/index.php/eurocall/article/download/12974/12624","https://scholar.google.com/scholar?q=related:Jm9jvJG6vRAJ:scholar.google.com/&scioq=gamification+education&hl=en&as_sdt=2007&as_ylo=2020&as_yhi=2022"
2,"İ Yildiz, E Topçu, S Kaymakci","The effect of gamification on motivation in the education of pre-service social studies teachers",2021,"Thinking Skills and Creativity","Elsevier","https://www.sciencedirect.com/science/article/pii/S187118712100122X","https://scholar.google.com/scholar?cites=4836551145817138276&as_sdt=2005&sciodt=2007&hl=en",39,"2022-03-28 11:22:32","HTML","","","",,,,,2,2.00,1,3,1,"… the use of gamification method in Social Studies Education and to examine the effects of gamification on the motivation of pre-service teachers on computer-aided education. In line with …","https://www.sciencedirect.com/science/article/pii/S187118712100122X","https://scholar.google.com/scholar?q=related:ZGRwWKThHkMJ:scholar.google.com/&scioq=gamification+education&hl=en&as_sdt=2007&as_ylo=2020&as_yhi=2022"
7,"Z Legaki, J Hamari","Gamification in statistics education: A literature review",2020,"","ceur-ws.org","http://ceur-ws.org/Vol-2637/paper5.pdf","https://scholar.google.com/scholar?cites=15696672505596221441&as_sdt=2005&sciodt=2007&hl=en",40,"2022-03-28 11:22:32","PDF","","","",,,,,7,3.50,4,2,2,"… Statistics education is not an exception. Recently, a … of gamification in statistics education. In this study, we aim to review and synthesize the literature that uses gamification in education …","http://ceur-ws.org/Vol-2637/paper5.pdf","https://scholar.google.com/scholar?q=related:ARi0s3rI1dkJ:scholar.google.com/&scioq=gamification+education&hl=en&as_sdt=2007&as_ylo=2020&as_yhi=2022"
15,"R Lamrani, EH Abdelwahed","Game-based learning and gamification to improve skills in early years education",2020,"Computer Science and Information …","doiserbia.nb.rs","http://www.doiserbia.nb.rs/Article.aspx?id=1820-02141900043L","https://scholar.google.com/scholar?cites=1337483445160598843&as_sdt=2005&sciodt=2007&hl=en",41,"2022-03-28 11:22:32","","","","",,,,,15,7.50,8,2,2,"… innovative approaches offering better education is an effective … to use in early childhood education. Four key success factors … education through play-based learning and gamification. It …","http://www.doiserbia.nb.rs/ft.aspx?id=1820-02141900043L","https://scholar.google.com/scholar?q=related:O13DaRuyjxIJ:scholar.google.com/&scioq=gamification+education&hl=en&as_sdt=2007&as_ylo=2020&as_yhi=2022"
7,"FA Costa, J Viana, M Raleiras","What Do Higher Education Students Have to Say About Gamification?",2020,"International Conference in …","Springer","https://link.springer.com/chapter/10.1007/978-3-030-52287-2_6","https://scholar.google.com/scholar?cites=7737474383670381390&as_sdt=2005&sciodt=2007&hl=en",42,"2022-03-28 11:22:32","","10.1007/978-3-030-52287-2_6","","",,,,,7,3.50,2,3,2,"… Gamification has been a strategy widely used in recent years, particularly at higher education … The study here presented was developed in the context of a gamification experience in an …","","https://scholar.google.com/scholar?q=related:TotbAfUHYWsJ:scholar.google.com/&scioq=gamification+education&hl=en&as_sdt=2007&as_ylo=2020&as_yhi=2022"
3,"T Liu, M Lipowski","Sports gamification: Evaluation of its impact on learning motivation and performance in higher education",2021,"International Journal of Environmental Research and …","mdpi.com","https://www.mdpi.com/980802","https://scholar.google.com/scholar?cites=16301741381646046370&as_sdt=2005&sciodt=2007&hl=en",43,"2022-03-28 11:22:32","","","","",,,,,3,3.00,2,2,1,"… In this study, the impacts of sports gamification on college students’ learning motivation and … in physical education to play tennis. A total of 150 students from a physical education college …","https://www.mdpi.com/1660-4601/18/3/1267/pdf","https://scholar.google.com/scholar?q=related:olRMkWprO-IJ:scholar.google.com/&scioq=gamification+education&hl=en&as_sdt=2007&as_ylo=2020&as_yhi=2022"
10,"MM Al Amri, MA Almaiah","The use of mobile gamification technology for sustainability learning in Saudi higher education",2020,"Int. J","researchgate.net","https://www.researchgate.net/profile/Mohammed-Almaiah-d-mhmd-amyn-almayt/publication/348155537_The_Use_of_Mobile_Gamification_Technology_for_Sustainability_Learning_in_Saudi_Higher_Education/links/5ff0ea27a6fdccdcb8264f46/The-Use-of-Mobile-Gamification-Technology-for-Sustainability-Learning-in-Saudi-Higher-Education.pdf","https://scholar.google.com/scholar?cites=13378793141046859260&as_sdt=2005&sciodt=2007&hl=en",44,"2022-03-28 11:22:32","PDF","","","",,,,,10,5.00,5,2,2,"… gamification is still limited. One of the main problems that hinder the success of mobile gamification is … the learning sustainability using mobile gamification applications. This research …","https://www.researchgate.net/profile/Mohammed-Almaiah-d-mhmd-amyn-almayt/publication/348155537_The_Use_of_Mobile_Gamification_Technology_for_Sustainability_Learning_in_Saudi_Higher_Education/links/5ff0ea27a6fdccdcb8264f46/The-Use-of-Mobile-Gamification-Technology-for-Sustainability-Learning-in-Saudi-Higher-Education.pdf","https://scholar.google.com/scholar?q=related:_NWHV3oFq7kJ:scholar.google.com/&scioq=gamification+education&hl=en&as_sdt=2007&as_ylo=2020&as_yhi=2022"
62,"VZ Vanduhe, M Nat, HF Hasan","Continuance intentions to use gamification for training in higher education: Integrating the technology acceptance model (TAM), social motivation, and task technology …",2020,"IEEE Access","ieeexplore.ieee.org","https://ieeexplore.ieee.org/abstract/document/8957115/","https://scholar.google.com/scholar?cites=7349458425528075878&as_sdt=2005&sciodt=2007&hl=en",45,"2022-03-28 11:22:32","","","","",,,,,62,31.00,21,3,2,"… for education. We aimed to integrate social influence, social recognition (gamification … ’ causal continuing acceptance of using gamification for training purposes at Cyprus International …","https://ieeexplore.ieee.org/iel7/6287639/8948470/08957115.pdf","https://scholar.google.com/scholar?q=related:ZkYauX-F_mUJ:scholar.google.com/&scioq=gamification+education&hl=en&as_sdt=2007&as_ylo=2020&as_yhi=2022"
7,"M Garcia-Iruela, R Hijón-Neira","What perception do students have about the gamification elements?",2020,"IEEE Access","ieeexplore.ieee.org","https://ieeexplore.ieee.org/abstract/document/9146122/","https://scholar.google.com/scholar?cites=924668071081432151&as_sdt=2005&sciodt=2007&hl=en",46,"2022-03-28 11:22:32","","","","",,,,,7,3.50,4,2,2,"… of any gamification process in higher education [34]. … , health, education, and marketing). However, such findings are highly dependent on context and user dependence on gamification …","https://ieeexplore.ieee.org/iel7/6287639/8948470/09146122.pdf","https://scholar.google.com/scholar?q=related:V1T0J7YU1QwJ:scholar.google.com/&scioq=gamification+education&hl=en&as_sdt=2007&as_ylo=2020&as_yhi=2022"
6,"A Malicki, FH Vergara, B Van de Castle…","Gamification in nursing education: An integrative literature review",2020,"… Education in …","journals.healio.com","https://journals.healio.com/doi/abs/10.3928/00220124-20201014-07","https://scholar.google.com/scholar?cites=18341686939286256778&as_sdt=2005&sciodt=2007&hl=en",47,"2022-03-28 11:22:32","","10.3928/00220124-20201014-07","","",,,,,6,3.00,2,4,2,"… gamification for adult learners in nursing, for the purpose of guiding a redesign of our organization’s online clinical education … overall support for the gamification process with specific …","https://www.researchgate.net/profile/Angela-Malicki/publication/346417787_Gamification_in_Nursing_Education_An_Integrative_Literature_Review/links/61b366e1fd2cbd72008ec48e/Gamification-in-Nursing-Education-An-Integrative-Literature-Review.pdf","https://scholar.google.com/scholar?q=related:ijyUxRfDiv4J:scholar.google.com/&scioq=gamification+education&hl=en&as_sdt=2007&as_ylo=2020&as_yhi=2022"
13,"K Werbach, D Hunter","For the Win, Revised and Updated Edition: The Power of Gamification and Game Thinking in Business, Education, Government, and Social Impact",2020,"","University of Pennsylvania Press","","https://scholar.google.com/scholar?cites=18199017859955929501&as_sdt=2005&sciodt=2007&hl=en",48,"2022-03-28 11:22:32","CITATION","","","",,,,,13,6.50,7,2,2,"","","https://scholar.google.com/scholar?q=related:nbGpM1Lmj_wJ:scholar.google.com/&scioq=gamification+education&hl=en&as_sdt=2007&as_ylo=2020&as_yhi=2022"
4,"C Wadhwa, P Prabu","An empirical analysis of ICT tools with gamification for the Indian school education system",2021,"International Journal of Enterprise …","inderscienceonline.com","https://www.inderscienceonline.com/doi/abs/10.1504/IJENM.2021.118058","https://scholar.google.com/scholar?cites=495797117827289523&as_sdt=2005&sciodt=2007&hl=en",49,"2022-03-28 11:22:32","","10.1504/IJENM.2021.118058","","",,,,,4,4.00,2,2,1,"… Gamification uses the game elements to develop an interesting and entertaining media … industries to incorporate gamification in the education industry. Gamification is utilised to make a …","","https://scholar.google.com/scholar?q=related:sxHCENps4QYJ:scholar.google.com/&scioq=gamification+education&hl=en&as_sdt=2007&as_ylo=2020&as_yhi=2022"
3,"RG Bilro, SMC Loureiro…","The Role of Creative Communications and Gamification in Student Engagement in Higher Education: A Sentiment Analysis Approach",2021,"Journal of Creative …","journals.sagepub.com","https://journals.sagepub.com/doi/abs/10.1177/0973258621992644","https://scholar.google.com/scholar?cites=13130521069548045938&as_sdt=2005&sciodt=2007&hl=en",50,"2022-03-28 11:22:32","","10.1177/0973258621992644","","",,,,,3,3.00,1,3,1,"… to explore gamification tools in services and higher education … from a higher education institution are exposed to gamification … Findings reveal that participants perceive gamification in …","","https://scholar.google.com/scholar?q=related:coYxIlj7OLYJ:scholar.google.com/&scioq=gamification+education&hl=en&as_sdt=2007&as_ylo=2020&as_yhi=2022"
9,"DJ Winkel, P Brantner, J Lutz, S Korkut…","Gamification of electronic learning in radiology education to improve diagnostic confidence and reduce error rates",2020,"American Journal of …","Am Roentgen Ray Soc","https://www.ajronline.org/doi/abs/10.2214/AJR.19.22087","https://scholar.google.com/scholar?cites=9548433267489649001&as_sdt=2005&sciodt=2007&hl=en",51,"2022-03-28 11:22:32","","10.2214/AJR.19.22087","","",,,,,9,4.50,2,5,2,"OBJECTIVE. The purpose of this study is to validate an electronic learning, or e-learning, concept featuring gamification elements, rapid case reading, and instant feedback. SUBJECTS …","https://scholar.google.com/scholar?output=instlink&q=info:aTE-jnfZgoQJ:scholar.google.com/&hl=en&as_sdt=2007&as_ylo=2020&as_yhi=2022&scillfp=6834701271749772625&oi=lle","https://scholar.google.com/scholar?q=related:aTE-jnfZgoQJ:scholar.google.com/&scioq=gamification+education&hl=en&as_sdt=2007&as_ylo=2020&as_yhi=2022"
12,"S Mystakidis","Distance education gamification in social virtual reality: A case study on student engagement",2020,"2020 11th International Conference on …","ieeexplore.ieee.org","https://ieeexplore.ieee.org/abstract/document/9284417/","https://scholar.google.com/scholar?cites=14205640403435088855&as_sdt=2005&sciodt=2007&hl=en",52,"2022-03-28 11:22:32","","","","",,,,,12,6.00,12,1,2,"… tangible challenge in Higher Education. Social Virtual Reality … Gamification is a promising method which adds an additional… applying gamification in a postgraduate distance education …","https://www.researchgate.net/profile/Stylianos-Mystakidis/publication/343065505_Distance_Education_Gamification_in_Social_Virtual_Reality_A_Case_Study_on_Student_Engagement/links/5f157a3292851c1eff218bf2/Distance-Education-Gamification-in-Social-Virtual-Reality-A-Case-Study-on-Student-Engagement.pdf","https://scholar.google.com/scholar?q=related:12uvpa6SJMUJ:scholar.google.com/&scioq=gamification+education&hl=en&as_sdt=2007&as_ylo=2020&as_yhi=2022"
9,"AA Navan, A Khaleghi","Using gamification to improve the education quality of children with autism",2020,"Revista científica","scielo.org.co","http://www.scielo.org.co/scielo.php?pid=S0124-22532020000100090&script=sci_arttext&tlng=en","https://scholar.google.com/scholar?cites=10254092791871170374&as_sdt=2005&sciodt=2007&hl=en",53,"2022-03-28 11:22:32","HTML","","","",,,,,9,4.50,5,2,2,"… Thus, the aim of this study was to evaluate the effectiveness of gamification for improving the quality of education in autistic children; for a more accurate examination and because of the …","http://www.scielo.org.co/scielo.php?pid=S0124-22532020000100090&script=sci_arttext&tlng=en","https://scholar.google.com/scholar?q=related:Rudf0RDbTY4J:scholar.google.com/&scioq=gamification+education&hl=en&as_sdt=2007&as_ylo=2020&as_yhi=2022"
9,"KML De La Cruz, LMF Noa…","Gamification for understanding English texts for students in a public school in Peru.",2020,"International Journal of …","researchgate.net","https://www.researchgate.net/profile/Kevin-Laura-De-La-Cruz/publication/346509835_GAMIFICATION_FOR_UNDERSTANDING_ENGLISH_TEXTS_FOR_STUDENTS_IN_A_PUBLIC_SCHOOL_IN_PERU/links/5fc5a0d5a6fdcce9526905f6/GAMIFICATION-FOR-UNDERSTANDING-ENGLISH-TEXTS-FOR-STUDENTS-IN-A-PUBLIC-SCHOOL-IN-PERU.pdf","https://scholar.google.com/scholar?cites=7690529964313634752&as_sdt=2005&sciodt=2007&hl=en",54,"2022-03-28 11:22:32","PDF","","","",,,,,9,4.50,3,3,2,"One of the challenges of education in Peru is to achieve that students reach good levels of … in the use of gamification, in this time of non-contact classes. Gamification refers to the use of …","https://www.researchgate.net/profile/Kevin-Laura-De-La-Cruz/publication/346509835_GAMIFICATION_FOR_UNDERSTANDING_ENGLISH_TEXTS_FOR_STUDENTS_IN_A_PUBLIC_SCHOOL_IN_PERU/links/5fc5a0d5a6fdcce9526905f6/GAMIFICATION-FOR-UNDERSTANDING-ENGLISH-TEXTS-FOR-STUDENTS-IN-A-PUBLIC-SCHOOL-IN-PERU.pdf","https://scholar.google.com/scholar?q=related:wGdpoUFAumoJ:scholar.google.com/&scioq=gamification+education&hl=en&as_sdt=2007&as_ylo=2020&as_yhi=2022"
6,"A Pfeiffer, S Bezzina, N König…","Beyond classical gamification: in-and around-game gamification for education",2020,"… Conference on e …","search.proquest.com","https://search.proquest.com/openview/60cfcd58e626d95a8e80e9469fd8ff86/1?pq-origsite=gscholar&cbl=1796419","https://scholar.google.com/scholar?cites=14995680242396577316&as_sdt=2005&sciodt=2007&hl=en",55,"2022-03-28 11:22:32","","","","",,,,,6,3.00,2,4,2,"… integrate solid gamification examples. The authors propose two new categories of gamification:'in-game'and'around-game'gamification. The'In-game'type of gamification details the use …","https://www.um.edu.mt/library/oar/bitstream/123456789/88207/1/Beyond%20classical%20gamification.pdf","https://scholar.google.com/scholar?q=related:JD5k3bpbG9AJ:scholar.google.com/&scioq=gamification+education&hl=en&as_sdt=2007&as_ylo=2020&as_yhi=2022"
6,"A Gulinna, Y Lee","College students' perceptions of pleasure in learning–Designing gameful gamification in education",2020,"International Journal on E-Learning","learntechlib.org","https://www.learntechlib.org/p/184522/","https://scholar.google.com/scholar?cites=1658031565955976609&as_sdt=2005&sciodt=2007&hl=en",56,"2022-03-28 11:22:32","","","","",,,,,6,3.00,3,2,2,"… while the hedonic aspect of gamification can encourage learners to use the system more often. To develop the hedonic value of gamification in education, we need to understand how …","","https://scholar.google.com/scholar?q=related:oc0ws-yCAhcJ:scholar.google.com/&scioq=gamification+education&hl=en&as_sdt=2007&as_ylo=2020&as_yhi=2022"
19,"M Fadhli, B Brick, P Setyosari, S Ulfa…","A meta-analysis of selected studies on the effectiveness of gamification method for children",2020,"International Journal of …","eprints.umpo.ac.id","http://eprints.umpo.ac.id/5837/","https://scholar.google.com/scholar?cites=11312926476053725924&as_sdt=2005&sciodt=2007&hl=en",57,"2022-03-28 11:22:32","","","","",,,,,19,9.50,4,5,2,"… Keywords used for this data search are ""gamification on education"" ""gamification methods"" and ""children"" in the online databases, ERIC, Emerald, Elsevier. From the results of the …","http://eprints.umpo.ac.id/5837/3/Plagiasi.pdf","https://scholar.google.com/scholar?q=related:5EJLB7GW_5wJ:scholar.google.com/&scioq=gamification+education&hl=en&as_sdt=2007&as_ylo=2020&as_yhi=2022"
3,"M Saxena, DK Mishra","Gamification and Gen Z in Higher Education: A Systematic Review of Literature",2021,"… and Communication Technology Education …","igi-global.com","https://www.igi-global.com/article/gamification-and-gen-z-in-higher-education/278404","https://scholar.google.com/scholar?cites=4078758295798684105&as_sdt=2005&sciodt=2007&hl=en",58,"2022-03-28 11:22:32","","","","",,,,,3,3.00,2,2,1,"… This paper attempts to explore the prospects of using gamification in education as a mode to increase student engagement and motivation. The following sections of this paper have …","https://www.igi-global.com/viewtitle.aspx?titleid=278404","https://scholar.google.com/scholar?q=related:yRnCUQ-pmjgJ:scholar.google.com/&scioq=gamification+education&hl=en&as_sdt=2007&as_ylo=2020&as_yhi=2022"
46,"Q Aini, U Rahardja…","Blockchain Technology into Gamification on Education",2020,"… (Indonesian Journal of …","lens.alphabetincubator.id","https://lens.alphabetincubator.id/assets/berkas/luaran/jurnal/document_(2).pdf","https://scholar.google.com/scholar?cites=1771231563070474281&as_sdt=2005&sciodt=2007&hl=en",59,"2022-03-28 11:22:32","PDF","","","",,,,,46,23.00,15,3,2,"… the place of research in Higher Education Raharja. The object of … application of gamification method in education management … the Gamification method not only in Higher Education but …","https://lens.alphabetincubator.id/assets/berkas/luaran/jurnal/document_(2).pdf","https://scholar.google.com/scholar?q=related:KYjG47itlBgJ:scholar.google.com/&scioq=gamification+education&hl=en&as_sdt=2007&as_ylo=2020&as_yhi=2022"
5,"OS Gilyazova, II Zamoshchanskii","On motivational tools of gamification in higher education: theoretical aspect",2020,"","elar.urfu.ru","https://elar.urfu.ru/handle/10995/90621","https://scholar.google.com/scholar?cites=15733709361355698296&as_sdt=2005&sciodt=2007&hl=en",60,"2022-03-28 11:22:32","","","","",,,,,5,2.50,3,2,2,"… into gamification in terms of philosophical and cultural approaches and analyze motivation theories with regard to gamification… have never been used in gamification analysis. Thus, they …","https://elar.urfu.ru/bitstream/10995/90621/1/10.32744-pse.2020.3.3.pdf","https://scholar.google.com/scholar?q=related:eDDYqk1dWdoJ:scholar.google.com/&scioq=gamification+education&hl=en&as_sdt=2007&as_ylo=2020&as_yhi=2022"
111,"S Bai, KF Hew, B Huang","Does gamification improve student learning outcome? Evidence from a meta-analysis and synthesis of qualitative data in educational contexts",2020,"Educational Research Review","Elsevier","https://www.sciencedirect.com/science/article/pii/S1747938X19302908","https://scholar.google.com/scholar?cites=2222591661797876567&as_sdt=2005&sciodt=2007&hl=en",61,"2022-03-28 11:22:32","HTML","","","",,,,,111,55.50,37,3,2,"… Therefore, in order to make the case for gamification (or against gamification) in education, … any) of gamification on student learning achievements. Despite the popularity of gamification, …","https://www.sciencedirect.com/science/article/pii/S1747938X19302908","https://scholar.google.com/scholar?q=related:VyM1Mlc72B4J:scholar.google.com/&scioq=gamification+education&hl=en&as_sdt=2007&as_ylo=2020&as_yhi=2022"
6,"M Mee, R Wong, TST Shahdan, MR Ismail…","Role of Gamification in Classroom Teaching: Pre-Service Teachers' View.",2020,"… Research in Education","ERIC","https://eric.ed.gov/?id=EJ1274762","https://scholar.google.com/scholar?cites=1913076290262332133&as_sdt=2005&sciodt=2007&hl=en",62,"2022-03-28 11:22:32","","","","",,,,,6,3.00,1,5,2,"… gamification in classroom would result in immediate enthusiasm and curiosity, which leads to the learners’ willingness to learn. Gamification … teachers in using gamification in language …","https://files.eric.ed.gov/fulltext/EJ1274762.pdf","https://scholar.google.com/scholar?q=related:5fJOBcCcjBoJ:scholar.google.com/&scioq=gamification+education&hl=en&as_sdt=2007&as_ylo=2020&as_yhi=2022"
4,"A Ahmad, F Zeeshan, R Marriam, A Samreen…","Does one size fit all? Investigating the effect of group size and gamification on learners' behaviors in higher education",2021,"… in Higher Education","Springer","https://link.springer.com/article/10.1007/s12528-020-09266-8","https://scholar.google.com/scholar?cites=14153740280410442688&as_sdt=2005&sciodt=2007&hl=en",63,"2022-03-28 11:22:32","HTML","10.1007/s12528-020-09266-8","","",,,,,4,4.00,1,5,1,"… education domain. Therefore, this research aims to explore the effect of different group sizes and gamification … explored the comparison between gamification and traditional classroom …","https://link.springer.com/article/10.1007/s12528-020-09266-8","https://scholar.google.com/scholar?q=related:wIsAmcsvbMQJ:scholar.google.com/&scioq=gamification+education&hl=en&as_sdt=2007&as_ylo=2020&as_yhi=2022"
3,"RHB Monteiro, MR de Almeida Souza…","The diversity of gamification evaluation in the software engineering education and industry: Trends, comparisons and gaps",2021,"… Education and …","ieeexplore.ieee.org","https://ieeexplore.ieee.org/abstract/document/9402204/","https://scholar.google.com/scholar?cites=1835469816553616883&as_sdt=2005&sciodt=2007&hl=en",64,"2022-03-28 11:22:32","","","","",,,,,3,3.00,1,3,1,"… evaluation of gamification. To achieve this goal we executed a systematic mapping study and selected 100 studies on gamification in software engineering (both education and practice) …","https://arxiv.org/pdf/2102.05089","https://scholar.google.com/scholar?q=related:8zWhyxLmeBkJ:scholar.google.com/&scioq=gamification+education&hl=en&as_sdt=2007&as_ylo=2020&as_yhi=2022"
2,"TA Khan, X Zhao","Perceptions of students for a gamification approach: cities skylines as a pedagogical tool in urban planning education",2021,"Conference on e-Business, e-Services and e-Society","Springer","https://link.springer.com/chapter/10.1007/978-3-030-85447-8_64","https://scholar.google.com/scholar?cites=17432560104603050154&as_sdt=2005&sciodt=2007&hl=en",65,"2022-03-28 11:22:32","","10.1007/978-3-030-85447-8_64","","",,,,,2,2.00,1,2,1,"Gamification, the use of game elements in non-game contexts, has been widely adopted for pedagogic purposes, allowing a synchronism in student’s engagement, motivation and …","","https://scholar.google.com/scholar?q=related:quCCsA3l7PEJ:scholar.google.com/&scioq=gamification+education&hl=en&as_sdt=2007&as_ylo=2020&as_yhi=2022"
28,"ME Parra-González, J López-Belmonte…","Gamification and flipped learning and their influence on aspects related to the teaching-learning process",2021,"Heliyon","Elsevier","https://www.sciencedirect.com/science/article/pii/S2405844021003595","https://scholar.google.com/scholar?cites=9384984988818149106&as_sdt=2005&sciodt=2007&hl=en",66,"2022-03-28 11:22:32","HTML","","","",,,,,28,28.00,9,3,1,"… This study shows that it is at the stages of Primary Education and Secondary Education where the active gamification methodology tends to be of better value. In contrast, in the …","https://www.sciencedirect.com/science/article/pii/S2405844021003595","https://scholar.google.com/scholar?q=related:8g7hoB8qPoIJ:scholar.google.com/&scioq=gamification+education&hl=en&as_sdt=2007&as_ylo=2020&as_yhi=2022"
3,"NS Zakaria, MI Saripan, N Subarimaniam…","Assessing Ethoshunt as a gamification-based mobile app in ethics education: pilot mixed-methods study",2020,"JMIR serious …","games.jmir.org","https://games.jmir.org/2020/3/e18247/","https://scholar.google.com/scholar?cites=9690388989396322940&as_sdt=2005&sciodt=2007&hl=en",67,"2022-03-28 11:22:32","HTML","","","",,,,,3,1.50,1,4,2,"… In this study, the ethics education instructor used gamification for disseminating knowledge … exposed to gamification in conservative classroom lectures of ethics education. Experience …","https://games.jmir.org/2020/3/e18247/","https://scholar.google.com/scholar?q=related:fApTqHEte4YJ:scholar.google.com/&scioq=gamification+education&hl=en&as_sdt=2007&as_ylo=2020&as_yhi=2022"
3,"P López, J Rodrigues-Silva, Á Alsina","Brazilian and Spanish Mathematics Teachers' Predispositions towards Gamification in STEAM Education",2021,"Education Sciences","mdpi.com","https://www.mdpi.com/2227-7102/11/10/618","https://scholar.google.com/scholar?cites=9942283521364844817&as_sdt=2005&sciodt=2007&hl=en",68,"2022-03-28 11:22:32","","","","",,,,,3,3.00,1,3,1,"… address studies of gamification in the educational context. In education, gamification is reported … Open-ended questions about prior experiences with gamification and STEAM Education …","https://www.mdpi.com/2227-7102/11/10/618/pdf","https://scholar.google.com/scholar?q=related:EeErqy8W-okJ:scholar.google.com/&scioq=gamification+education&hl=en&as_sdt=2007&as_ylo=2020&as_yhi=2022"
7,"E Arruzza, M Chau","A scoping review of randomised controlled trials to assess the value of gamification in the higher education of health science students",2021,"Journal of Medical Imaging and Radiation Sciences","Elsevier","https://www.sciencedirect.com/science/article/pii/S193986542030312X","https://scholar.google.com/scholar?cites=12232442722019708730&as_sdt=2005&sciodt=2007&hl=en",69,"2022-03-28 11:22:32","","","","",,,,,7,7.00,4,2,1,"… The findings of this scoping review suggest that gamification may be advantageous in the higher education of health science students. Results indicate that gamification positively …","","https://scholar.google.com/scholar?q=related:Og9MbdhdwqkJ:scholar.google.com/&scioq=gamification+education&hl=en&as_sdt=2007&as_ylo=2020&as_yhi=2022"
6,"K Brassinne, M Reynders, K Coninx…","… , a gamification project in chemistry, toward a remote active student-centered chemistry course bridging the gap between precollege and undergraduate education",2020,"… of Chemical Education","ACS Publications","https://pubs.acs.org/doi/abs/10.1021/acs.jchemed.9b00986","https://scholar.google.com/scholar?cites=17275793949822604467&as_sdt=2005&sciodt=2007&hl=en",70,"2022-03-28 11:22:32","","10.1021/acs.jchemed.9b00986","","",,,,,6,3.00,2,4,2,"This paper describes the development and implementation of GAPc, a gamification project in chemistry. GAPc is an online active student-centered remedial teaching tool allowing …","","https://scholar.google.com/scholar?q=related:s9QE-BDzv-8J:scholar.google.com/&scioq=gamification+education&hl=en&as_sdt=2007&as_ylo=2020&as_yhi=2022"
3,"NF Khaitova","History of Gamification and Its Role in the Educational Process",2021,"International Journal of Multicultural and Multireligious …","ijmmu.com","https://ijmmu.com/index.php/ijmmu/article/view/2640","https://scholar.google.com/scholar?cites=9650823811195833403&as_sdt=2005&sciodt=2007&hl=en",71,"2022-03-28 11:22:32","","","","",,,,,3,3.00,3,1,1,"… history of gamification of education, its … gamification of education in the realities of modern education, in particular, within the framework of the implementation of the primary education …","https://ijmmu.com/index.php/ijmmu/article/download/2640/2233","https://scholar.google.com/scholar?q=related:O4w1wB-d7oUJ:scholar.google.com/&scioq=gamification+education&hl=en&as_sdt=2007&as_ylo=2020&as_yhi=2022"
1,"AA Yasin, A Abbas","Role of gamification in Engineering Education: A systematic literature review",2021,"2021 IEEE Global Engineering Education …","ieeexplore.ieee.org","https://ieeexplore.ieee.org/abstract/document/9454038/","https://scholar.google.com/scholar?cites=2917045791122547957&as_sdt=2005&sciodt=2007&hl=en",72,"2022-03-28 11:22:32","","","","",,,,,1,1.00,1,2,1,"… gamification research related to engineering education while offering insight to lecturers how to adopt state-of-the-art gamification … paper presents gamification and gamification related …","https://www.researchgate.net/profile/Anil-Yasin-Ar/publication/350751387_Role_of_gamification_in_Engineering_Education_A_systematic_literature_review/links/6177345ceef53e51e1ebc627/Role-of-gamification-in-Engineering-Education-A-systematic-literature-review.pdf","https://scholar.google.com/scholar?q=related:9WRoHbFteygJ:scholar.google.com/&scioq=gamification+education&hl=en&as_sdt=2007&as_ylo=2020&as_yhi=2022"
0,"JA Navarro-Espinosa, M Vaquero-Abellán…","Gamification as a Promoting Tool of Motivation for Creating Sustainable Higher Education Institutions",2022,"International Journal of …","mdpi.com","https://www.mdpi.com/1660-4601/19/5/2599","",73,"2022-03-28 11:22:32","","","","",,,,,0,0.00,0,3,1,"… diverse educational paradigms such as gamification. In this sense… education to promote a healthy environment and life. The principal objective was to analyse the impact of gamification …","https://www.mdpi.com/1660-4601/19/5/2599/pdf",""
4,"D Pal'ová, M Vejačka","Gamification tools improving university students' involvement in the education process",2020,"2020 43rd International Convention on …","ieeexplore.ieee.org","https://ieeexplore.ieee.org/abstract/document/9245113/","https://scholar.google.com/scholar?cites=3250575964335472750&as_sdt=2005&sciodt=2007&hl=en",74,"2022-03-28 11:22:32","","","","",,,,,4,2.00,2,2,2,"… The gamification of learning is a kind of educational approach… At our faculty, education innovation is one part of the internal … usable for the gamification of the education process, followed …","","https://scholar.google.com/scholar?q=related:boCjBZ5dHC0J:scholar.google.com/&scioq=gamification+education&hl=en&as_sdt=2007&as_ylo=2020&as_yhi=2022"
3,"AI Zourmpakis, S Papadakis…","Education of preschool and elementary teachers on the use of adaptive gamification in science education",2022,"International Journal …","inderscienceonline.com","https://www.inderscienceonline.com/doi/abs/10.1504/IJTEL.2022.120556","https://scholar.google.com/scholar?cites=3566349140589944686&as_sdt=2005&sciodt=2007&hl=en",75,"2022-03-28 11:22:32","","10.1504/IJTEL.2022.120556","","",,,,,3,3.00,1,3,1,"… As we already mentioned, the purpose of this paper is to provide insight on the state of adaptive gamification and teacher education in the context of science education. What is more, …","","https://scholar.google.com/scholar?q=related:bh_i5aU3fjEJ:scholar.google.com/&scioq=gamification+education&hl=en&as_sdt=2007&as_ylo=2020&as_yhi=2022"
9,"EF y Deportes","Hybridisation of the teaching personal and social responsibility model and gamification in physical education",2020,"Apunts Educación Física y Deportes","redalyc.org","https://www.redalyc.org/journal/5516/551663679008/551663679008_2.pdf","https://scholar.google.com/scholar?cites=9900416409619583820&as_sdt=2005&sciodt=2007&hl=en",76,"2022-03-28 11:22:32","PDF","","","",,,,,9,4.50,9,1,2,"The purpose of this study was to analyse the outcome of a teaching intervention based on hybridising the Teaching Personal and Social Responsibility (TPSR) pedagogical model and …","https://www.redalyc.org/journal/5516/551663679008/551663679008_2.pdf","https://scholar.google.com/scholar?q=related:TNPSF0VYZYkJ:scholar.google.com/&scioq=gamification+education&hl=en&as_sdt=2007&as_ylo=2020&as_yhi=2022"
2,"Y Yang, J Koenigstorfer","Determinants of Fitness App Usage and Moderating Impacts of Education-, Motivation-, and Gamification-Related App Features on Physical Activity Intentions …",2021,"Journal of medical Internet research","jmir.org","https://www.jmir.org/2021/7/e26063/","https://scholar.google.com/scholar?cites=497997057893211237&as_sdt=2005&sciodt=2007&hl=en",77,"2022-03-28 11:22:32","HTML","","","",,,,,2,2.00,1,2,1,"… Education-related app features moderated the association between performance … , and habit with usage intentions; and gamification-related features moderated the association between …","https://www.jmir.org/2021/7/e26063/","https://scholar.google.com/scholar?q=related:ZRzqhq896QYJ:scholar.google.com/&scioq=gamification+education&hl=en&as_sdt=2007&as_ylo=2020&as_yhi=2022"
3,"TF Toimah, YI Maulana, I Fajar","Gamification Model Framework and its Use in E-Learning in Higher Education",2021,"IAIC Transactions on …","aptikom-journal.id","http://www.aptikom-journal.id/index.php/itsdi/article/view/520","https://scholar.google.com/scholar?cites=14968710357139094446&as_sdt=2005&sciodt=2007&hl=en",78,"2022-03-28 11:22:32","","","","",,,,,3,3.00,1,3,1,"… The journal we created presents a different perspective on the concept of gamification in the … of gamification and elearning that can demonstrate the possible practical use of gamification …","https://www.aptikom-journal.id/index.php/itsdi/article/download/520/210","https://scholar.google.com/scholar?q=related:rnv8HsOKu88J:scholar.google.com/&scioq=gamification+education&hl=en&as_sdt=2007&as_ylo=2020&as_yhi=2022"
11,"J López-Belmonte, M Parra-González…","Scientific mapping of gamification in web of science",2020,"… and Education","mdpi.com","https://www.mdpi.com/803710","https://scholar.google.com/scholar?cites=4138720594271101795&as_sdt=2005&sciodt=2007&hl=en",79,"2022-03-28 11:22:32","","","","",,,,,11,5.50,4,3,2,"… Education is a constantly changing field. The new teaching processes are developed today and all teachers should be prepared. Gamification is … that the concepts “gamification” and “…","https://www.mdpi.com/2254-9625/10/3/60/pdf","https://scholar.google.com/scholar?q=related:Y2Mf3nOwbzkJ:scholar.google.com/&scioq=gamification+education&hl=en&as_sdt=2007&as_ylo=2020&as_yhi=2022"
16,"Q Aini, M Budiarto, POH Putra…","Gamification-based The Kampus Merdeka Learning in 4.0 era",2021,"… (Indonesian Journal of …","journal.ugm.ac.id","https://journal.ugm.ac.id/ijccs/article/view/59023","https://scholar.google.com/scholar?cites=3458013004031365506&as_sdt=2005&sciodt=2007&hl=en",80,"2022-03-28 11:22:32","","","","",,,,,16,16.00,4,4,1,"… Even gamification in the world of education can now be … Education to be more advanced. This study shows the impact of the benefits felt by students after implementing gamification in …","https://journal.ugm.ac.id/ijccs/article/download/59023/30556","https://scholar.google.com/scholar?q=related:gpH4fYFU_S8J:scholar.google.com/&scioq=gamification+education&hl=en&as_sdt=2007&as_ylo=2020&as_yhi=2022"
5,"A Toda, FD Pereira, ACT Klock, L Rodrigues…","For whom should we gamify? Insights on the users intentions and context towards gamification in education",2020,"Anais do XXXI …","sol.sbc.org.br","https://sol.sbc.org.br/index.php/sbie/article/view/12803","https://scholar.google.com/scholar?cites=1179549774038543169&as_sdt=2005&sciodt=2007&hl=en",81,"2022-03-28 11:22:32","","","","",,,,,5,2.50,1,5,2,"… Gamification design in educational environments is not trivial … gamification, focusing on its influence in the field of education… ’s intention to use gamification. This evidence can support …","https://sol.sbc.org.br/index.php/sbie/article/download/12803/12657","https://scholar.google.com/scholar?q=related:Qat1HEWaXhAJ:scholar.google.com/&scioq=gamification+education&hl=en&as_sdt=2007&as_ylo=2020&as_yhi=2022"
115,"DR Sanchez, M Langer, R Kaur","Gamification in the classroom: Examining the impact of gamified quizzes on student learning",2020,"Computers & Education","Elsevier","https://www.sciencedirect.com/science/article/pii/S0360131519302192","https://scholar.google.com/scholar?cites=4399577247575654689&as_sdt=2005&sciodt=2007&hl=en",82,"2022-03-28 11:22:32","HTML","","","",,,,,115,57.50,38,3,2,"… method permanently, and (c) indicate that there are contexts where gamification might … gamification and research examining individual differences moderating the effects of gamification…","https://www.sciencedirect.com/science/article/pii/S0360131519302192","https://scholar.google.com/scholar?q=related:IUGjWzJwDj0J:scholar.google.com/&scioq=gamification+education&hl=en&as_sdt=2007&as_ylo=2020&as_yhi=2022"
4,"D Borissova, D Keremedchiev, G Tuparov","Multi-criteria model for questions selection in generating e-education tests involving gamification",2020,"TEM Journal","ceeol.com","https://www.ceeol.com/search/article-detail?id=869912","https://scholar.google.com/scholar?cites=12105545916562212725&as_sdt=2005&sciodt=2007&hl=en",83,"2022-03-28 11:22:32","","","","",,,,,4,2.00,1,3,2,"… Recently, gamification and educational computer games have been widely used in open … of computer game-based learning and gamification increases students’ motivation and leads to …","https://www.temjournal.com/content/92/TEMJournalMay2020_779_785.pdf","https://scholar.google.com/scholar?q=related:dQffiN-J_6cJ:scholar.google.com/&scioq=gamification+education&hl=en&as_sdt=2007&as_ylo=2020&as_yhi=2022"
19,"MT Alshammari","Evaluation of gamification in e-learning systems for elementary school students",2020,"TEM Journal","ceeol.com","https://www.ceeol.com/search/article-detail?id=869916","https://scholar.google.com/scholar?cites=8792129320728944594&as_sdt=2005&sciodt=2007&hl=en",84,"2022-03-28 11:22:32","","","","",,,,,19,9.50,19,1,2,"… Various efforts have been put in the field of gamification in online education [11], [12]. There are some encouraging results in terms of learning outcome [13], motivation [14], satisfaction […","https://www.temjournal.com/content/92/TEMJournalMay2020_806_813.pdf","https://scholar.google.com/scholar?q=related:0l9Y1QjrA3oJ:scholar.google.com/&scioq=gamification+education&hl=en&as_sdt=2007&as_ylo=2020&as_yhi=2022"
23,"A O'Connell, PJ Tomaselli, M Stobart-Gallagher","Effective use of virtual gamification during COVID-19 to deliver the OB-GYN core curriculum in an emergency medicine resident conference",2020,"Cureus","cureus.com","https://www.cureus.com/articles/33736-effective-use-of-virtual-gamification-during-covid-19-to-deliver-the-ob-gyn-core-curriculum-in-an-emergency-medicine-resident-conference","https://scholar.google.com/scholar?cites=14240929492220699473&as_sdt=2005&sciodt=2007&hl=en",85,"2022-03-28 11:22:32","HTML","","","",,,,,23,11.50,8,3,2,"… , skills, and satisfaction as compared to traditional education methods in many studies [2]. … education but, to our knowledge, there have been no published reports of virtual gamification …","https://www.cureus.com/articles/33736-effective-use-of-virtual-gamification-during-covid-19-to-deliver-the-ob-gyn-core-curriculum-in-an-emergency-medicine-resident-conference","https://scholar.google.com/scholar?q=related:UeMy5-vxocUJ:scholar.google.com/&scioq=gamification+education&hl=en&as_sdt=2007&as_ylo=2020&as_yhi=2022"
7,"MDMS Perez, AG Masegosa","Gamification as a teaching resource for English-medium instruction and multilingual education at university",2022,"… Bilingual and Multilingual Education","igi-global.com","https://www.igi-global.com/chapter/gamification-as-a-teaching-resource-for-english-medium-instruction-and-multilingual-education-at-university/292773","https://scholar.google.com/scholar?cites=15825239083287092081&as_sdt=2005&sciodt=2007&hl=en",86,"2022-03-28 11:22:32","","","","",,,,,7,7.00,4,2,1,"… in the implementation of gamification in education: (i) identifying and understanding the profile of the target audience and the context in which the education program will take place; (ii) …","https://www.researchgate.net/profile/Maria-Del-Mar-Sanchez-5/publication/338307000_Gamification_as_a_Teaching_Resource_for_English-Medium_Instruction_and_Multilingual_Education_at_University/links/5eccfd384585158592bbe4e4/Gamification-as-a-Teaching-Resource-for-English-Medium-Instruction-and-Multilingual-Education-at-University.pdf","https://scholar.google.com/scholar?q=related:cZv0vBmLntsJ:scholar.google.com/&scioq=gamification+education&hl=en&as_sdt=2007&as_ylo=2020&as_yhi=2022"
4,"G GROSSECK, L MALITA…","GAMIFICATION IN HIGHER EDUCATION: A BIBLIOMETRIC APPROACH.",2020,"… & Software for Education","search.ebscohost.com","http://search.ebscohost.com/login.aspx?direct=true&profile=ehost&scope=site&authtype=crawler&jrnl=2066026X&AN=145727607&h=oRDbC4ddv9QqxHVf863sZXcQdtA3j5MOjRdG5GpQcWHQC8%2FM4SUB8YLf6MlLNa2P7AaQ7SRKK7CudBJRdHHNRQ%3D%3D&crl=c","https://scholar.google.com/scholar?cites=3095080558505586727&as_sdt=2005&sciodt=2007&hl=en",87,"2022-03-28 11:22:32","","","","",,,,,4,2.00,1,3,2,"… the diversity of gamification approaches, the ways … gamification in higher education space. Using a bibliometric approach, we analysed 1029 papers on gamification in higher education, …","","https://scholar.google.com/scholar?q=related:J3DxmF7v8yoJ:scholar.google.com/&scioq=gamification+education&hl=en&as_sdt=2007&as_ylo=2020&as_yhi=2022"
1,"E Choi, N Park","Demonstration of Gamification in Education for Understanding Artificial Intelligence Principles at Elementary School Level.",2021,"Ilkogretim Online","search.ebscohost.com","http://search.ebscohost.com/login.aspx?direct=true&profile=ehost&scope=site&authtype=crawler&jrnl=13053515&AN=150153280&h=b82NOIQ%2F5DOT0qi4SGEvj3Mqbj5VkPkmqgRDfoESBktILDyxMo%2B3lFdAopQItiCryB9OEewgptfvK0equmRORA%3D%3D&crl=c","https://scholar.google.com/scholar?cites=2532261750872253444&as_sdt=2005&sciodt=2007&hl=en",88,"2022-03-28 11:22:32","","","","",,,,,1,1.00,1,2,1,"… AI than before education and an average satisfaction of 4.73 out of 5. Gamification in education is … The gamification education proposed in this paper is expected t o educate early on the …","https://scholar.archive.org/work/rvw4ub2qwjczjjuasirc5aj32i/access/wayback/http://ilkogretim-online.org/fulltext/218-1612780580.pdf?1614153138","https://scholar.google.com/scholar?q=related:BKQMW6VmJCMJ:scholar.google.com/&scioq=gamification+education&hl=en&as_sdt=2007&as_ylo=2020&as_yhi=2022"
7,"V Lelli, RMC Andrade, LM Freitas, RAS Silva…","Gamification in remote teaching of se courses: experience report",2020,"Proceedings of the 34th …","dl.acm.org","https://dl.acm.org/doi/abs/10.1145/3422392.3422497","https://scholar.google.com/scholar?cites=2220041175112662907&as_sdt=2005&sciodt=2007&hl=en",89,"2022-03-28 11:22:32","","10.1145/3422392.3422497","","",,,,,7,3.50,1,5,2,"… a free online gamification platform for education from … gamification as ERT strategy is effective to engage the students during the pandemic. Most students pointed out the gamification as …","","https://scholar.google.com/scholar?q=related:e79Uva8rzx4J:scholar.google.com/&scioq=gamification+education&hl=en&as_sdt=2007&as_ylo=2020&as_yhi=2022"
12,"R Raju, S Bhat, S Bhat, R D'Souza…","Effective usage of gamification techniques to boost student engagement",2021,"… of Engineering Education …","ischolar.info","http://ischolar.info/index.php/JEETRIT/article/view/206346","https://scholar.google.com/scholar?cites=15381932732219973175&as_sdt=2005&sciodt=2007&hl=en",90,"2022-03-28 11:22:32","","","","",,,,,12,12.00,2,5,1,"… in a series of innovative gamification constructs throughout a … While doing so, students were introduced to new gamification … advancements and bringing in gamification in learning, the …","http://ischolar.info/index.php/JEETRIT/article/download/206346/192071","https://scholar.google.com/scholar?q=related:N97srlKad9UJ:scholar.google.com/&scioq=gamification+education&hl=en&as_sdt=2007&as_ylo=2020&as_yhi=2022"
2,"SN Dvoryatkina, SV Shcherbatykh…","Scientific and methodological support for teachers in the context of gamification in mathematics study in the Russian system of additional education",2021,"RUDN Journal of …","journals.rudn.ru","http://journals.rudn.ru/psychology-pedagogics/article/view/26154","https://scholar.google.com/scholar?cites=9382411282047751051&as_sdt=2005&sciodt=2007&hl=en",91,"2022-03-28 11:22:32","HTML","","","",,,,,2,2.00,1,3,1,"… the need for gamification in education? First, the gamification in education is the continuity … of game practice as an element of non-formal education. In particular, intellectual games (eg, …","http://journals.rudn.ru/psychology-pedagogics/article/view/26154","https://scholar.google.com/scholar?q=related:i9MS01kFNYIJ:scholar.google.com/&scioq=gamification+education&hl=en&as_sdt=2007&as_ylo=2020&as_yhi=2022"
24,"M Ekici","A systematic review of the use of gamification in flipped learning",2021,"Education and Information Technologies","Springer","https://link.springer.com/article/10.1007/s10639-020-10394-y","https://scholar.google.com/scholar?cites=14440468080559811784&as_sdt=2005&sciodt=2007&hl=en",92,"2022-03-28 11:22:32","HTML","10.1007/s10639-020-10394-y","","",,,,,24,24.00,24,1,1,"… Gamification has the significant potential to deal with the drawbacks. This study presents a systematic literature review on the use of gamification … used game elements for gamification. …","https://link.springer.com/article/10.1007/s10639-020-10394-y","https://scholar.google.com/scholar?q=related:yGwi3DXZZsgJ:scholar.google.com/&scioq=gamification+education&hl=en&as_sdt=2007&as_ylo=2020&as_yhi=2022"
12,"J Martí-Parreño, A Galbis-Córdova…","Teachers' beliefs about gamification and competencies development: A concept mapping approach",2021,"… in education and …","Taylor & Francis","https://www.tandfonline.com/doi/abs/10.1080/14703297.2019.1683464","https://scholar.google.com/scholar?cites=12665886349758975656&as_sdt=2005&sciodt=2007&hl=en",93,"2022-03-28 11:22:32","","10.1080/14703297.2019.1683464","","",,,,,12,12.00,4,3,1,"… Higher Education teachers’ beliefs regarding the use of gamification to … of gamification to develop students’ competencies. Our findings suggest that teachers believe that gamification …","","https://scholar.google.com/scholar?q=related:qE7aQodExq8J:scholar.google.com/&scioq=gamification+education&hl=en&as_sdt=2007&as_ylo=2020&as_yhi=2022"
3,"K Duggal, P Singh, LR Gupta","Impact of Gamification, Games, and Game Elements in Education",2021,"Innovations in Information and …","Springer","https://link.springer.com/chapter/10.1007/978-3-030-66218-9_23","https://scholar.google.com/scholar?cites=5893386018545594798&as_sdt=2005&sciodt=2007&hl=en",94,"2022-03-28 11:22:32","","10.1007/978-3-030-66218-9_23","","",,,,,3,3.00,1,3,1,"… The impact of gamification is illustrated, highlighting the benefits and findings of the present … in the education sector. Section 3 defines the types of games that are part of our education …","https://www.researchgate.net/profile/Sunil-Pandey-8/publication/353280622_Innovations_in_Information_and_Communication_Technologies_IICT-2020_Proceedings_of_International_Conference_on_ICRIHE_-_2020_Delhi_India_IICT-2020_Proceedings_of_International_Conference_on_ICRIHE_-_2/links/61228d50169a1a01031a35b6/Innovations-in-Information-and-Communication-Technologies-IICT-2020-Proceedings-of-International-Conference-on-ICRIHE-2020-Delhi-India-IICT-2020-Proceedings-of-International-Conference-on-ICRIHE.pdf#page=196","https://scholar.google.com/scholar?q=related:rvGp_1uDyVEJ:scholar.google.com/&scioq=gamification+education&hl=en&as_sdt=2007&as_ylo=2020&as_yhi=2022"
0,"ME Parra-González, A Segura-Robles…","Elaboration and validation of the scale to measure the experience on gamification in education (EGAMEDU)",2022,"… and Science Education","jotse.org","http://www.jotse.org/index.php/jotse/article/view/1505","",95,"2022-03-28 11:22:32","","","","",,,,,0,0.00,0,3,1,"… the use of gamification in education, an active … gamification properly in education. Aim of this study is to develop and validate an instrument to measure the experience of gamification in …","https://www.jotse.org/index.php/jotse/article/download/1505/600",""
3,"M Schatten, M Schatten","A Comparative Study of Gamification in Progamming Education in a Croatian High School",2020,"2020 43rd International Convention …","ieeexplore.ieee.org","https://ieeexplore.ieee.org/abstract/document/9245237/","https://scholar.google.com/scholar?cites=3520947472640887325&as_sdt=2005&sciodt=2007&hl=en",96,"2022-03-28 11:22:32","","","","",,,,,3,1.50,2,2,2,"… Due to the nature of gamification, especially from a videogaming … education were often the first to adopt gamification processes into their lectures and the field of programming education …","https://www.bib.irb.hr/1087292/download/1087292.29_CE_6003.pdf","https://scholar.google.com/scholar?q=related:HcqRUxLr3DAJ:scholar.google.com/&scioq=gamification+education&hl=en&as_sdt=2007&as_ylo=2020&as_yhi=2022"
13,"J Kummanee, P Nilsook, P Wannapiroon","Digital learning ecosystem involving STEAM gamification for a vocational innovator",2020,"… of Information and Education …","ijiet.org","http://www.ijiet.org/vol10/1420-OC2047.pdf","https://scholar.google.com/scholar?cites=7390100179839061450&as_sdt=2005&sciodt=2007&hl=en",97,"2022-03-28 11:22:32","PDF","","","",,,,,13,6.50,4,3,2,"… ecosystem involving STEAM gamification to develop a … , a STEAM Education Approach, and gamification elements. The digital … The five steps of the STEAM education approach were: 1) …","http://www.ijiet.org/vol10/1420-OC2047.pdf","https://scholar.google.com/scholar?q=related:yo3bifXojmYJ:scholar.google.com/&scioq=gamification+education&hl=en&as_sdt=2007&as_ylo=2020&as_yhi=2022"
6,"J Hu","Gamification in Learning and Education: Enjoy Learning Like Gaming: By Sangkyun Kim, Kibong Song, Barbara Lockee, and John Burton. Pp 159. Pp 138. Cham …",2020,"","Taylor & Francis","https://www.tandfonline.com/doi/full/10.1080/00071005.2019.1682276","https://scholar.google.com/scholar?cites=10303994427310159098&as_sdt=2005&sciodt=2007&hl=en",98,"2022-03-28 11:22:32","","10.1080/00071005.2019.1682276","","",,,,,6,3.00,6,1,2,"… history of gamification in learning and education, a part that I believe will help readers better … gamification development and how serious games are connected to gamification in …","","https://scholar.google.com/scholar?q=related:-jRtt1Yk_44J:scholar.google.com/&scioq=gamification+education&hl=en&as_sdt=2007&as_ylo=2020&as_yhi=2022"
2,"A Sanmorino, L Marnisah, H Sunardi","A Gamification Framework for Research Productivity Enhancement on the Higher Education Institution.",2021,"… Evaluation and Research in Education","ERIC","https://eric.ed.gov/?id=EJ1299265","https://scholar.google.com/scholar?cites=228187542574842532&as_sdt=2005&sciodt=2007&hl=en",99,"2022-03-28 11:22:32","","","","",,,,,2,2.00,1,3,1,"… productivity in higher education institutions in … education institutions. The mechanism proposed is a framework that uses designs derived from games or better known as gamification. …","https://files.eric.ed.gov/fulltext/EJ1299265.pdf","https://scholar.google.com/scholar?q=related:pMJXaVyvKgMJ:scholar.google.com/&scioq=gamification+education&hl=en&as_sdt=2007&as_ylo=2020&as_yhi=2022"
262,"M Sailer, L Homner","The gamification of learning: A meta-analysis",2020,"Educational Psychology Review","Springer","https://link.springer.com/article/10.1007/s10648-019-09498-w","https://scholar.google.com/scholar?cites=12884025044136393414&as_sdt=2005&sciodt=2007&hl=en",100,"2022-03-28 11:22:32","HTML","10.1007/s10648-019-09498-w","","",,,,,262,131.00,131,2,2,"… gamification on cognitive, motivational, and behavioral learning outcomes. Results from random effects models showed significant small effects of gamification … effect of gamification on …","https://link.springer.com/article/10.1007/s10648-019-09498-w","https://scholar.google.com/scholar?q=related:xnr84INAzbIJ:scholar.google.com/&scioq=gamification+education&hl=en&as_sdt=2007&as_ylo=2020&as_yhi=2022"
